loan_id,birth_date,phone_number,gender,married,dependents,education,self_employed,applicant_income,coapplicant_income,loan_amount,loan_term_month,loan_term_year,credit_history,property_type,loan_status
LP001002,"1977-05-15","+628114203187",Male,No,0,Graduate,No,5849,0,100000,360,30,1,house,APPROVE
LP001003,"1979-08-24","+628776449212",Male,Yes,1,Graduate,No,4583,1508,128000,360,30,1,studio,REJECT
LP001005,"1991-03-28","+628119240537",Male,Yes,0,Graduate,Yes,3000,0,66000,360,30,1,house,APPROVE
LP001006,"1980-06-02","+62856343702",Male,Yes,0,Not Graduate,No,2583,2358,120000,360,30,1,house,APPROVE
LP001008,"1989-05-19","+628113008687",Male,No,0,Graduate,No,6000,0,141000,360,30,1,house,APPROVE
LP001011,"1986-01-22","+62811028825",Male,Yes,2,Graduate,Yes,5417,4196,267000,360,30,1,house,APPROVE
LP001013,"1979-06-16","+628111840127",Male,Yes,0,Not Graduate,No,2333,1516,95000,360,30,1,house,APPROVE
LP001014,"1999-05-21","+628567566695",Male,Yes,3+,Graduate,No,3036,2504,158000,360,30,0,apartment,REJECT
LP001018,"1987-08-25","+628528959314",Male,Yes,2,Graduate,No,4006,1526,168000,360,30,1,house,APPROVE
LP001020,"1983-12-13","+628118659695",Male,Yes,1,Graduate,No,12841,10968,349000,360,30,1,apartment,REJECT
LP001024,"1984-03-08","+628116652331",Male,Yes,2,Graduate,No,3200,700,70000,360,30,1,house,APPROVE
LP001027,"1983-05-06","+628110331279",Male,Yes,2,Graduate,,2500,1840,109000,360,30,1,house,APPROVE
LP001028,"1987-11-16","+628112778301",Male,Yes,2,Graduate,No,3073,8106,200000,360,30,1,house,APPROVE
LP001029,"1976-06-13","+628132105871",Male,No,0,Graduate,No,1853,2840,114000,360,30,1,studio,REJECT
LP001030,"1986-09-04","+628115076013",Male,Yes,2,Graduate,No,1299,1086,17000,120,10,1,house,APPROVE
LP001032,"1989-09-07","+628774718199",Male,No,0,Graduate,No,4950,0,125000,360,30,1,house,APPROVE
LP001034,"1987-11-17",,Male,No,1,Not Graduate,No,3596,0,100000,240,20,,house,APPROVE
LP001036,"1976-06-25","+628561626867",Female,No,0,Graduate,No,3510,0,76000,360,30,0,house,REJECT
LP001038,,"+628112236123",Male,Yes,0,Not Graduate,No,4887,0,133000,360,30,1,studio,REJECT
LP001041,"1992-04-19","+628112135606",Male,Yes,0,Graduate,,2600,3500,115000,360,30,1,house,APPROVE
LP001043,"1993-12-11","+62857672414",Male,Yes,0,Not Graduate,No,7660,0,104000,360,30,0,house,REJECT
LP001046,"1984-06-25","+628521909126",Male,Yes,1,Graduate,No,5955,5625,315000,360,30,1,house,APPROVE
LP001047,"1987-10-07","+628138852161",Male,Yes,0,Not Graduate,No,2600,1911,116000,360,30,0,apartment,REJECT
LP001050,"1989-09-15","+62857915239",,Yes,2,Not Graduate,No,3365,1917,112000,360,30,0,studio,REJECT
LP001052,"1980-11-08","+62811547270",Male,Yes,1,Graduate,,3717,2925,151000,360,30,,apartment,REJECT
LP001066,,"+628115602619",Male,Yes,0,Graduate,Yes,9560,0,191000,360,30,1,apartment,APPROVE
LP001068,"1986-09-10","+628137684379",Male,Yes,0,Graduate,No,2799,2253,122000,360,30,1,apartment,APPROVE
LP001073,"1989-02-05","+628134554824",Male,Yes,2,Not Graduate,No,4226,1040,110000,360,30,1,house,APPROVE
LP001086,"1978-11-21","+62852216764",Male,No,0,Not Graduate,No,1442,0,35000,360,30,1,house,REJECT
LP001087,"1983-12-25","+628137818079",Female,No,2,Graduate,,3750,2083,120000,360,30,1,apartment,APPROVE
LP001091,"1982-10-07","+628135653263",Male,Yes,1,Graduate,,4166,3369,201000,360,30,,house,REJECT
LP001095,"1983-09-21","+628134816924",Male,No,0,Graduate,No,3167,0,74000,360,30,1,house,REJECT
LP001097,"1990-11-03","+62813059521",Male,No,1,Graduate,Yes,4692,0,106000,360,30,1,studio,REJECT
LP001098,"1989-11-24","+628115678886",Male,Yes,0,Graduate,No,3500,1667,114000,360,30,1,apartment,APPROVE
LP001100,"1981-08-14","+628577453232",Male,No,3+,Graduate,No,12500,3000,320000,360,30,1,studio,REJECT
LP001106,"1985-09-23","+628522370680",Male,Yes,0,Graduate,No,2275,2067,100000,360,30,1,house,APPROVE
LP001109,"1979-12-11","+628130172563",Male,Yes,0,Graduate,No,1828,1330,100000,360,30,0,house,REJECT
LP001112,"1988-09-03",,Female,Yes,0,Graduate,No,3667,1459,144000,360,30,1,apartment,APPROVE
LP001114,,"+628112459028",Male,No,0,Graduate,No,4166,7210,184000,360,30,1,house,APPROVE
LP001116,"1996-06-28","+628118600907",Male,No,0,Not Graduate,No,3748,1668,110000,360,30,1,apartment,APPROVE
LP001119,"1990-05-16","+62852488414",Male,No,0,Graduate,No,3600,0,80000,360,30,1,house,REJECT
LP001120,"1978-02-07","+628111748544",Male,No,0,Graduate,No,1800,1213,47000,360,30,1,house,APPROVE
LP001123,"1989-06-07","+628573949357",Male,Yes,0,Graduate,No,2400,0,75000,360,30,,house,APPROVE
LP001131,"1986-11-09","+62877227907",Male,Yes,0,Graduate,No,3941,2336,134000,360,30,1,apartment,APPROVE
LP001136,"1989-01-10","+628116835755",Male,Yes,0,Not Graduate,Yes,4695,0,96000,360,30,1,house,APPROVE
LP001137,"1988-04-07","+628114389019",Female,No,0,Graduate,No,3410,0,88000,360,30,1,house,APPROVE
LP001138,"1980-12-12","+628778148955",Male,Yes,1,Graduate,No,5649,0,44000,360,30,1,house,APPROVE
LP001144,"1984-08-31","+628564189156",Male,Yes,0,Graduate,No,5821,0,144000,360,30,1,house,APPROVE
LP001146,"1988-05-04","+628131634557",Female,Yes,0,Graduate,No,2645,3440,120000,360,30,0,house,REJECT
LP001151,"1982-09-20","+628575812072",Female,No,0,Graduate,No,,2275,144000,360,30,1,apartment,APPROVE
LP001155,"1991-01-22","+628570316894",Female,Yes,0,Not Graduate,No,1928,1644,100000,360,30,1,apartment,APPROVE
LP001157,"1980-03-05","+628569987676",Female,No,0,Graduate,No,3086,0,120000,360,30,1,apartment,APPROVE
LP001164,,"+628118154757",Female,No,0,Graduate,No,4230,0,112000,360,30,1,apartment,REJECT
LP001179,"1991-07-17","+628138044855",Male,Yes,2,Graduate,No,4616,0,134000,360,30,1,house,REJECT
LP001186,"1978-09-04","+628136085497",Female,Yes,1,Graduate,Yes,11500,0,286000,360,30,0,house,REJECT
LP001194,"1991-10-09","+628115879552",Male,Yes,2,Graduate,No,2708,1167,97000,360,30,1,apartment,APPROVE
LP001195,"1986-07-23",,Male,Yes,0,Graduate,No,2132,1591,96000,360,30,1,apartment,APPROVE
LP001197,"1985-05-25","+628578036984",Male,Yes,0,Graduate,No,3366,2200,135000,360,30,1,studio,REJECT
LP001198,"1985-10-03","+628118480674",Male,Yes,1,Graduate,No,8080,2250,180000,360,30,1,house,APPROVE
LP001199,"1995-12-29","+628115479734",Male,Yes,2,Not Graduate,No,3357,2859,144000,360,30,1,house,APPROVE
LP001205,"1980-05-27","+628528628392",Male,Yes,0,Graduate,No,2500,3796,120000,360,30,1,house,APPROVE
LP001206,,"+628116264365",Male,Yes,3+,Graduate,No,3029,0,99000,360,30,1,house,APPROVE
LP001207,"1982-07-10","+628774531403",Male,Yes,0,Not Graduate,Yes,2609,3449,165000,180,15,0,studio,REJECT
LP001213,,"+628111270249",Male,Yes,1,Graduate,No,4945,0,100000,360,30,0,studio,REJECT
LP001222,"1979-10-14","+628115395405",Female,No,0,Graduate,No,4166,0,116000,360,30,0,apartment,REJECT
LP001225,"1982-10-27","+628562975782",Male,Yes,0,Graduate,No,5726,4595,258000,360,30,1,apartment,REJECT
LP001228,"1978-11-22","+628130101994",Male,No,0,Not Graduate,No,3200,2254,126000,180,15,0,house,REJECT
LP001233,"1987-01-14",,Male,Yes,1,Graduate,No,10750,0,312000,360,30,1,house,APPROVE
LP001238,"1986-05-10","+628113746354",Male,Yes,3+,Not Graduate,Yes,7100,0,125000,60,5,1,house,APPROVE
LP001241,"1978-01-31","+628574144298",Female,No,0,Graduate,No,4300,0,136000,360,30,0,apartment,REJECT
LP001243,"1986-01-13","+628777558109",Male,Yes,0,Graduate,No,3208,3066,172000,360,30,1,house,APPROVE
LP001245,,"+628571722572",Male,Yes,2,Not Graduate,Yes,1875,1875,97000,360,30,1,apartment,APPROVE
LP001248,"1986-06-07","+628114860328",Male,No,0,Graduate,No,3500,0,81000,300,25,1,apartment,APPROVE
LP001250,"2000-06-16","+628577348882",Male,Yes,3+,Not Graduate,No,4755,0,95000,360,30,0,apartment,REJECT
LP001253,"1986-09-20","+628118103456",Male,Yes,3+,Graduate,Yes,5266,1774,187000,360,30,1,apartment,APPROVE
LP001255,"1980-07-12","+628521125728",Male,No,0,Graduate,No,3750,0,113000,480,40,1,house,REJECT
LP001256,"1979-01-21","+628566524301",Male,No,0,Graduate,No,3750,4750,176000,360,30,1,house,REJECT
LP001259,"1989-05-14","+628777226525",Male,Yes,1,Graduate,Yes,1000,3022,110000,360,30,1,house,REJECT
LP001263,"1977-11-06","+628139100931",Male,Yes,3+,Graduate,No,3167,4000,180000,300,25,0,apartment,REJECT
LP001264,"1985-09-01","+628139506234",Male,Yes,3+,Not Graduate,Yes,3333,2166,130000,360,30,,apartment,APPROVE
LP001265,"1994-10-05","+628117304876",Female,No,0,Graduate,No,3846,0,111000,360,30,1,apartment,APPROVE
LP001266,"1984-08-05","+628570798699",Male,Yes,1,Graduate,Yes,2395,0,99000,360,30,1,apartment,APPROVE
LP001267,,"+628136418644",Female,Yes,2,Graduate,No,1378,1881,167000,360,30,1,house,REJECT
LP001273,"1982-10-16","+628132456983",Male,Yes,0,Graduate,No,6000,2250,265000,360,30,,apartment,REJECT
LP001275,"1985-08-31","+628118240585",Male,Yes,1,Graduate,No,3988,0,50000,240,20,1,house,APPROVE
LP001279,"1983-06-11","+628134890025",Male,No,0,Graduate,No,2366,2531,136000,360,30,1,apartment,APPROVE
LP001280,"1983-12-03","+628132817418",Male,Yes,2,Not Graduate,No,3333,2000,99000,360,30,,apartment,APPROVE
LP001282,,"+628520532753",Male,Yes,0,Graduate,No,2500,2118,104000,360,30,1,apartment,APPROVE
LP001289,"1979-08-10","+628779028571",Male,No,0,Graduate,No,8566,0,210000,360,30,1,house,APPROVE
LP001310,"1987-10-18","+628131021360",Male,Yes,0,Graduate,No,5695,4167,175000,360,30,1,apartment,APPROVE
LP001310,"1987-10-18","+628131021360",Male,Yes,0,Graduate,No,5695,4167,175000,360,30,1,apartment,APPROVE
LP001316,,"+628525623327",Male,Yes,0,Graduate,No,2958,2900,131000,360,30,1,apartment,APPROVE
LP001318,"1987-08-15","+628774119976",Male,Yes,2,Graduate,No,6250,5654,188000,180,15,1,apartment,APPROVE
LP001319,"1985-04-18","+628113530917",Male,Yes,2,Not Graduate,No,3273,1820,81000,360,30,1,house,APPROVE
LP001322,"1991-08-21","+628137573546",Male,No,0,Graduate,No,4133,0,122000,360,30,1,apartment,APPROVE
LP001325,"1989-05-08","+628110405295",Male,No,0,Not Graduate,No,3620,0,25000,120,10,1,apartment,APPROVE
LP001326,"1984-10-25","+628571583603",Male,No,0,Graduate,,6782,0,100000,360,30,,house,REJECT
LP001327,"1991-05-13","+628578528023",Female,Yes,0,Graduate,No,2484,2302,137000,360,30,1,apartment,APPROVE
LP001333,,,Male,Yes,0,Graduate,No,1977,997,50000,360,30,1,apartment,APPROVE
LP001334,"1991-03-30","+628572104143",Male,Yes,0,Not Graduate,No,4188,0,115000,180,15,1,apartment,APPROVE
LP001343,"1983-05-15","+628115701878",Male,Yes,0,Graduate,No,1759,3541,131000,360,30,1,apartment,APPROVE
LP001345,"1988-06-22",,Male,Yes,2,Not Graduate,No,4288,3263,133000,180,15,1,house,APPROVE
LP001349,"1988-08-28","+628564235096",Male,No,0,Graduate,No,4843,3806,151000,360,30,1,apartment,APPROVE
LP001350,"1990-03-07","+628561036208",Male,Yes,,Graduate,No,13650,0,100000,360,30,1,house,APPROVE
LP001356,"1986-08-05","+628770939246",Male,Yes,0,Graduate,No,4652,3583,121000,360,30,1,apartment,APPROVE
LP001357,"1989-05-26","+628132796428",Male,,,Graduate,No,,754,160000,360,30,1,house,APPROVE
LP001367,"1990-02-21","+628115519047",Male,Yes,1,Graduate,No,3052,1030,100000,360,30,1,house,APPROVE
LP001369,"1994-10-04","+628118421304",Male,Yes,2,Graduate,No,11417,1126,225000,360,30,1,house,APPROVE
LP001370,"1974-06-16","+628562896299",Male,No,0,Not Graduate,,7333,0,120000,360,30,1,studio,REJECT
LP001379,"1987-05-13","+628132486399",Male,Yes,2,Graduate,No,3800,3600,216000,360,30,0,house,REJECT
LP001384,"1982-03-13","+628576454378",Male,Yes,3+,Not Graduate,No,2071,754,94000,480,40,1,apartment,APPROVE
LP001385,"1980-04-23",,Male,No,0,Graduate,No,5316,0,136000,360,30,1,house,APPROVE
LP001387,"1990-01-05","+628131315221",Female,Yes,0,Graduate,,2929,2333,139000,360,30,1,apartment,APPROVE
LP001391,"1990-10-12",,Male,Yes,0,Not Graduate,No,3572,4114,152000,360,30,0,studio,REJECT
LP001392,"1986-03-28","+62852104763",Female,No,1,Graduate,Yes,7451,0,126000,360,30,1,apartment,APPROVE
LP001398,"1986-01-19","+628772521095",Male,No,0,Graduate,,5050,0,118000,360,30,1,apartment,APPROVE
LP001401,"1989-11-27","+628119307700",Male,Yes,1,Graduate,No,14583,0,185000,180,15,1,studio,APPROVE
LP001404,"1987-07-14","+628112197163",Female,Yes,0,Graduate,No,3167,2283,154000,360,30,1,apartment,APPROVE
LP001405,"1983-05-01","+62813558467",Male,Yes,1,Graduate,No,2214,1398,85000,360,30,,house,APPROVE
LP001421,,"+628561144406",Male,Yes,0,Graduate,No,5568,2142,175000,360,30,1,studio,REJECT
LP001422,"1992-10-07","+628114011710",Female,No,0,Graduate,No,10408,0,259000,360,30,1,house,APPROVE
LP001426,"1983-10-21",,Male,Yes,,Graduate,No,5667,2667,180000,360,30,1,studio,APPROVE
LP001430,"1990-08-09","+628119261368",Female,No,0,Graduate,No,4166,0,44000,360,30,1,apartment,APPROVE
LP001431,"1985-12-31","+628773455091",Female,No,0,Graduate,No,2137,8980,137000,360,30,0,apartment,APPROVE
LP001432,"1984-10-14","+62811767256",Male,Yes,2,Graduate,No,2957,0,81000,360,30,1,apartment,APPROVE
LP001439,"1994-10-09","+628110767852",Male,Yes,0,Not Graduate,No,4300,2014,194000,360,30,1,studio,APPROVE
LP001443,"1983-07-31","+62877936026",Female,No,0,Graduate,No,3692,0,93000,360,30,,studio,APPROVE
LP001448,"1986-11-11","+628529981799",,Yes,3+,Graduate,No,23803,0,370000,360,30,1,studio,APPROVE
LP001449,"1986-05-24","+628573182630",Male,No,0,Graduate,No,3865,1640,100000,360,30,1,studio,APPROVE
LP001451,"1992-03-30",,Male,Yes,1,Graduate,Yes,10513,3850,160000,180,15,0,house,REJECT
LP001465,"1981-08-13","+628116745900",Male,Yes,0,Graduate,No,6080,2569,182000,360,30,,studio,REJECT
LP001469,"1985-04-17","+628111261668",Male,No,0,Graduate,Yes,20166,0,650000,480,40,,house,APPROVE
LP001473,"1985-05-22","+628574403136",Male,No,0,Graduate,No,2014,1929,74000,360,30,1,house,APPROVE
LP001478,"1991-01-24","+628139504859",Male,No,0,Graduate,No,2718,0,70000,360,30,1,apartment,APPROVE
LP001482,"1993-11-30",,Male,Yes,0,Graduate,Yes,3459,0,25000,120,10,1,apartment,APPROVE
LP001487,"1991-05-03","+628139759767",Male,No,0,Graduate,No,4895,0,102000,360,30,1,apartment,APPROVE
LP001488,"1985-07-10","+628139130700",Male,Yes,3+,Graduate,No,4000,7750,290000,360,30,1,apartment,REJECT
LP001489,"1975-11-24","+628137075003",Female,Yes,0,Graduate,No,4583,0,84000,360,30,1,studio,REJECT
LP001491,,"+628119606166",Male,Yes,2,Graduate,Yes,3316,3500,88000,360,30,1,house,APPROVE
LP001492,"1988-07-16","+628138666500",Male,No,0,Graduate,No,14999,0,242000,360,30,0,apartment,REJECT
LP001493,,"+628111360183",Male,Yes,2,Not Graduate,No,4200,1430,129000,360,30,1,studio,REJECT
LP001497,"1977-07-10","+628773905876",Male,Yes,2,Graduate,No,5042,2083,185000,360,30,1,studio,REJECT
LP001498,"1979-06-24","+628110772474",Male,No,0,Graduate,No,5417,0,168000,360,30,1,house,APPROVE
LP001504,"1987-04-18","+628133511295",Male,No,0,Graduate,Yes,6950,0,175000,180,15,1,apartment,APPROVE
LP001507,"1984-03-29","+628119534517",Male,Yes,0,Graduate,No,2698,2034,122000,360,30,1,apartment,APPROVE
LP001508,"1989-02-24","+62811236897",Male,Yes,2,Graduate,No,11757,0,187000,180,15,1,house,APPROVE
LP001514,"1981-10-20","+62813861511",Female,Yes,0,Graduate,No,2330,4486,100000,360,30,1,apartment,APPROVE
LP001516,"1998-02-19","+628112258218",Female,Yes,2,Graduate,No,14866,0,70000,360,30,1,house,APPROVE
LP001518,,"+628528761139",Male,Yes,1,Graduate,No,1538,1425,30000,360,30,1,house,APPROVE
LP001519,"1980-12-02","+628773634938",Female,No,0,Graduate,No,10000,1666,225000,360,30,1,studio,REJECT
LP001520,,,Male,Yes,0,Graduate,No,4860,830,125000,360,30,1,apartment,APPROVE
LP001528,"1988-01-14","+628770525165",Male,No,0,Graduate,No,6277,0,118000,360,30,0,studio,REJECT
LP001529,"1983-01-15","+628777514186",Male,Yes,0,Graduate,Yes,2577,3750,152000,360,30,1,studio,APPROVE
LP001531,"1981-08-23","+628576092233",Male,No,0,Graduate,No,9166,0,244000,360,30,1,house,REJECT
LP001532,"1984-03-24","+62856998969",Male,Yes,2,Not Graduate,No,2281,0,113000,360,30,1,studio,REJECT
LP001535,"1986-05-24","+628110795206",Male,No,0,Graduate,No,3254,0,50000,360,30,1,house,APPROVE
LP001536,"1987-01-23","+628113129674",Male,Yes,3+,Graduate,No,39999,0,600000,180,15,0,apartment,APPROVE
LP001541,"1991-03-23","+628138105269",Male,Yes,1,Graduate,No,6000,0,160000,360,30,,studio,APPROVE
LP001543,"1989-08-12","+628111966306",Male,Yes,1,Graduate,No,9538,0,187000,360,30,1,house,APPROVE
LP001546,"1985-01-19","+628117964688",Male,No,0,Graduate,,2980,2083,120000,360,30,1,studio,APPROVE
LP001552,"1984-04-29","+62813544138",Male,Yes,0,Graduate,No,4583,5625,255000,360,30,1,apartment,APPROVE
LP001560,"1991-08-23","+628114663659",Male,Yes,0,Not Graduate,No,1863,1041,98000,360,30,1,apartment,APPROVE
LP001562,"1979-07-25","+628773200735",Male,Yes,0,Graduate,No,7933,0,275000,360,30,1,house,REJECT
LP001565,"1984-02-20","+628578300206",Male,Yes,1,Graduate,No,3089,1280,121000,360,30,0,apartment,REJECT
LP001570,"1986-03-02","+62877419284",Male,Yes,2,Graduate,No,4167,1447,158000,360,30,1,studio,APPROVE
LP001572,"1991-08-17","+628117826514",Male,Yes,0,Graduate,No,9323,0,75000,180,15,1,house,APPROVE
LP001574,"1985-09-02","+628777547828",Male,Yes,0,Graduate,No,,3166,182000,360,30,1,studio,APPROVE
LP001577,"1973-07-15","+628134852005",Female,Yes,0,Graduate,No,4583,0,112000,360,30,1,studio,REJECT
LP001578,"1995-04-17","+628773400498",Male,Yes,0,Graduate,No,2439,3333,129000,360,30,1,studio,APPROVE
LP001579,"1967-05-01","+62811246676",Male,No,0,Graduate,No,2237,0,63000,480,40,0,apartment,REJECT
LP001580,"1984-11-12","+628567222635",Male,Yes,2,Graduate,No,8000,0,200000,360,30,1,apartment,APPROVE
LP001581,"1991-01-08","+628569598664",Male,Yes,0,Not Graduate,,1820,1769,95000,360,30,1,studio,APPROVE
LP001585,"1989-05-27","+628134632633",,Yes,3+,Graduate,No,51763,0,700000,300,25,1,house,APPROVE
LP001586,"1997-01-11",,Male,Yes,3+,Not Graduate,No,3522,0,81000,180,15,1,studio,REJECT
LP001594,"1987-02-02","+628523971211",Male,Yes,0,Graduate,No,5708,5625,187000,360,30,1,apartment,APPROVE
LP001603,"1985-05-09","+628131074558",Male,Yes,0,Not Graduate,Yes,4344,736,87000,360,30,1,apartment,REJECT
LP001606,"1986-07-27","+628111206691",Male,Yes,0,Graduate,No,3497,1964,116000,360,30,1,studio,APPROVE
LP001608,"1991-04-04","+62877026094",Male,Yes,2,Graduate,No,2045,1619,101000,360,30,1,studio,APPROVE
LP001610,"1978-01-07","+628116629318",Male,Yes,3+,Graduate,No,5516,11300,495000,360,30,0,apartment,REJECT
LP001616,"1988-09-28","+628525957212",Male,Yes,1,Graduate,No,3750,0,116000,360,30,1,apartment,APPROVE
LP001630,"1988-05-29","+628136597418",Male,No,0,Not Graduate,No,2333,1451,102000,480,40,0,house,REJECT
LP001633,"1991-02-21","+628560223340",Male,Yes,1,Graduate,No,6400,7250,180000,360,30,0,house,REJECT
LP001634,"1969-02-14","+628578224745",Male,No,0,Graduate,No,1916,5063,67000,360,30,,studio,REJECT
LP001636,"1987-09-22","+628114069709",Male,Yes,0,Graduate,No,4600,0,73000,180,15,1,apartment,APPROVE
LP001637,"1986-09-21",,Male,Yes,1,Graduate,No,33846,0,260000,360,30,1,apartment,REJECT
LP001639,"1989-06-11","+628568497679",Female,Yes,0,Graduate,No,3625,0,108000,360,30,1,apartment,APPROVE
LP001640,"1984-06-22","+628138942583",Male,Yes,0,Graduate,Yes,39147,4750,120000,360,30,1,apartment,APPROVE
LP001641,"1990-02-12","+628528478424",Male,Yes,1,Graduate,Yes,2178,0,66000,300,25,0,studio,REJECT
LP001643,"1983-11-21","+628778880016",Male,Yes,0,Graduate,No,2383,2138,58000,360,30,,studio,APPROVE
LP001644,,"+628115346769",,Yes,0,Graduate,Yes,674,5296,168000,360,30,1,studio,APPROVE
LP001647,"1985-04-24","+628115687285",Male,Yes,0,Graduate,No,9328,0,188000,180,15,1,studio,APPROVE
LP001653,"1984-01-17","+628575843795",Male,No,0,Not Graduate,No,4885,0,48000,360,30,1,studio,APPROVE
LP001656,"1979-06-16","+628522533877",Male,No,0,Graduate,No,12000,0,164000,360,30,1,apartment,REJECT
LP001657,"1976-10-01","+628770697507",Male,Yes,0,Not Graduate,No,6033,0,160000,360,30,1,house,REJECT
LP001658,"1985-04-09","+628564639152",Male,No,0,Graduate,No,3858,0,76000,360,30,1,apartment,APPROVE
LP001664,"1985-06-09","+628116908307",Male,No,0,Graduate,No,4191,0,120000,360,30,1,studio,APPROVE
LP001665,"1978-06-08","+62813866856",Male,Yes,1,Graduate,No,3125,2583,170000,360,30,1,apartment,REJECT
LP001666,"1986-08-30",,Male,No,0,Graduate,No,8333,3750,187000,360,30,1,studio,APPROVE
LP001669,,"+628560116944",Female,No,0,Not Graduate,No,1907,2365,120000,360,30,1,house,APPROVE
LP001671,"1985-03-19",,Female,Yes,0,Graduate,No,3416,2816,113000,360,30,,apartment,APPROVE
LP001673,"1985-07-09","+628560427608",Male,No,0,Graduate,Yes,11000,0,83000,360,30,1,house,REJECT
LP001674,"1985-12-30","+628772044515",Male,Yes,1,Not Graduate,No,2600,2500,90000,360,30,1,apartment,APPROVE
LP001677,"1991-09-14",,Male,No,2,Graduate,No,4923,0,166000,360,30,0,apartment,APPROVE
LP001682,"1979-11-07","+62877151248",Male,Yes,3+,Not Graduate,No,3992,0,110000,180,15,1,house,REJECT
LP001688,"1990-12-05",,Male,Yes,1,Not Graduate,No,3500,1083,135000,360,30,1,house,APPROVE
LP001691,"1988-11-27","+628561543835",Male,Yes,2,Not Graduate,No,3917,0,124000,360,30,1,apartment,APPROVE
LP001692,"1991-02-21","+628527157999",Female,No,0,Not Graduate,No,4408,0,120000,360,30,1,apartment,APPROVE
LP001693,"1980-02-02","+62811230468",Female,No,0,Graduate,No,3244,0,80000,360,30,1,house,APPROVE
LP001698,"1985-07-28","+628118350049",Male,No,0,Not Graduate,No,3975,2531,55000,360,30,1,studio,APPROVE
LP001699,"1980-06-24","+62857835422",Male,No,0,Graduate,No,2479,0,59000,360,30,1,house,APPROVE
LP001702,"1986-09-02","+628572766911",Male,No,0,Graduate,No,3418,0,127000,360,30,1,apartment,REJECT
LP001708,"1981-05-27","+628525677627",Female,No,0,Graduate,No,10000,0,214000,360,30,1,apartment,REJECT
LP001711,"1982-02-22","+628565256908",Male,Yes,3+,Graduate,No,3430,1250,128000,360,30,0,apartment,REJECT
LP001713,"1985-07-09","+628119354900",Male,Yes,1,Graduate,Yes,7787,0,240000,360,30,1,house,APPROVE
LP001715,"1980-05-26","+628567771913",Male,Yes,3+,Not Graduate,Yes,5703,0,130000,360,30,1,studio,APPROVE
LP001716,"1985-09-25","+628774828341",Male,Yes,0,Graduate,No,3173,3021,137000,360,30,1,house,APPROVE
LP001720,"1980-02-17","+628132979968",Male,Yes,3+,Not Graduate,No,3850,983,100000,360,30,1,apartment,APPROVE
LP001722,"1978-03-05","+62852057136",Male,Yes,0,Graduate,No,150,1800,135000,360,30,1,studio,REJECT
LP001726,"1992-06-25","+62856633641",Male,Yes,0,Graduate,No,3727,1775,131000,360,30,1,apartment,APPROVE
LP001732,"1978-11-01","+628136894124",Male,Yes,2,Graduate,,5000,0,72000,360,30,0,apartment,REJECT
LP001734,"1982-02-02","+628576310581",Female,Yes,2,Graduate,No,4283,2383,127000,360,30,,apartment,APPROVE
LP001736,"1978-02-17",,Male,Yes,0,Graduate,No,2221,0,60000,360,30,0,house,REJECT
LP001743,"1983-11-06","+628117999114",Male,Yes,2,Graduate,No,4009,1717,116000,360,30,1,apartment,APPROVE
LP001744,"1989-03-31","+628130684091",Male,No,0,Graduate,No,2971,2791,144000,360,30,1,apartment,APPROVE
LP001749,"1983-12-21","+628116285600",Male,Yes,0,Graduate,No,7578,1010,175000,360,30,1,apartment,APPROVE
LP001750,"1992-04-26","+628569953516",Male,Yes,0,Graduate,No,6250,0,128000,360,30,1,apartment,APPROVE
LP001751,"1987-09-09","+628526690780",Male,Yes,0,Graduate,No,3250,0,170000,360,30,1,studio,REJECT
LP001754,"1980-04-26","+628523776305",Male,Yes,,Not Graduate,Yes,4735,0,138000,360,30,1,house,REJECT
LP001758,"1981-10-29","+628111388905",Male,Yes,2,Graduate,No,6250,1695,210000,360,30,1,apartment,APPROVE
LP001760,"1986-04-09","+628572008546",Male,,,Graduate,No,4758,0,158000,480,40,1,apartment,APPROVE
LP001761,"1983-02-08","+628111457475",Male,No,0,Graduate,Yes,6400,0,200000,360,30,1,studio,APPROVE
LP001765,"1988-02-05","+628117653394",Male,Yes,1,Graduate,No,2491,2054,104000,360,30,1,apartment,APPROVE
LP001768,"1987-02-24","+628571817816",Male,Yes,0,Graduate,,3716,0,42000,180,15,1,studio,APPROVE
LP001770,"1985-05-10","+62813909733",Male,No,0,Not Graduate,No,3189,2598,120000,360,30,1,studio,APPROVE
LP001776,"1988-11-02","+628770678913",Female,No,0,Graduate,No,8333,0,280000,360,30,1,apartment,APPROVE
LP001778,"1987-11-09","+628776776753",Male,Yes,1,Graduate,No,3155,1779,140000,360,30,1,apartment,APPROVE
LP001784,"1986-03-05","+628529402933",Male,Yes,1,Graduate,No,5500,1260,170000,360,30,1,studio,APPROVE
LP001786,"1974-12-15","+628137313638",Male,Yes,0,Graduate,,5746,0,255000,360,30,,house,REJECT
LP001788,"1988-05-07","+628110983906",Female,No,0,Graduate,Yes,3463,0,122000,360,30,,house,APPROVE
LP001790,"1986-07-05","+628135975089",Female,No,1,Graduate,No,3812,0,112000,360,30,1,studio,APPROVE
LP001792,"1985-09-07","+628575810221",Male,Yes,1,Graduate,No,3315,0,96000,360,30,1,apartment,APPROVE
LP001798,"1983-03-04","+628563962878",Male,Yes,2,Graduate,No,5819,5000,120000,360,30,1,studio,APPROVE
LP001800,"1970-07-17","+628572729596",Male,Yes,1,Not Graduate,No,2510,1983,140000,180,15,1,house,REJECT
LP001806,"1995-02-21","+628110250422",Male,No,0,Graduate,No,2965,5701,155000,60,5,1,house,APPROVE
LP001807,"1995-10-08","+628562941857",Male,Yes,2,Graduate,Yes,6250,1300,108000,360,30,1,studio,APPROVE
LP001811,"1986-06-13","+628773809241",Male,Yes,0,Not Graduate,No,3406,4417,123000,360,30,1,apartment,APPROVE
LP001813,,"+628115825207",Male,No,0,Graduate,Yes,6050,4333,120000,180,15,1,house,REJECT
LP001814,"1984-08-26","+628112080748",Male,Yes,2,Graduate,No,9703,0,112000,360,30,1,house,APPROVE
LP001819,"1985-06-23","+628111992820",Male,Yes,1,Not Graduate,No,6608,0,137000,180,15,1,house,APPROVE
LP001824,"1993-05-13","+628772053235",Male,Yes,1,Graduate,No,2882,1843,123000,480,40,1,apartment,APPROVE
LP001825,"1980-09-01","+628572844245",Male,Yes,0,Graduate,No,1809,1868,90000,360,30,1,house,APPROVE
LP001835,"1976-12-28","+628133525265",Male,Yes,0,Not Graduate,No,1668,3890,201000,360,30,0,apartment,REJECT
LP001836,"1984-12-24","+628571408088",Female,No,2,Graduate,No,3427,0,138000,360,30,1,house,REJECT
LP001841,"1988-02-15","+628137928199",Male,No,0,Not Graduate,Yes,2583,2167,104000,360,30,1,studio,APPROVE
LP001843,"1987-12-13","+62811078458",Male,Yes,1,Not Graduate,No,2661,7101,279000,180,15,1,apartment,APPROVE
LP001844,"1984-07-16","+62813391467",Male,No,0,Graduate,Yes,16250,0,192000,360,30,0,house,REJECT
LP001846,"1986-01-26","+628119025166",Female,No,3+,Graduate,No,3083,0,255000,360,30,1,studio,APPROVE
LP001849,"1989-06-13","+628571904681",Male,No,0,Not Graduate,No,6045,0,115000,360,30,0,studio,REJECT
LP001854,"1988-11-08",,Male,Yes,3+,Graduate,No,5250,0,94000,360,30,1,house,REJECT
LP001859,"1982-12-03","+628778635493",Male,Yes,0,Graduate,No,14683,2100,304000,360,30,1,studio,REJECT
LP001864,"1968-10-25",,Male,Yes,3+,Not Graduate,No,4931,0,128000,360,30,,apartment,REJECT
LP001865,"1989-09-11","+62811984416",Male,Yes,1,Graduate,No,6083,4250,330000,360,30,,house,APPROVE
LP001868,"1988-05-09","+628133729927",Male,No,0,Graduate,No,2060,2209,134000,360,30,1,apartment,APPROVE
LP001870,"1982-02-09","+628110494270",Female,No,1,Graduate,No,3481,0,155000,36,3,1,apartment,REJECT
LP001871,"1984-01-25","+628139455424",Female,No,0,Graduate,No,7200,0,120000,360,30,1,studio,APPROVE
LP001872,"1985-02-14","+628119044531",Male,No,0,Graduate,Yes,5166,0,128000,360,30,1,apartment,APPROVE
LP001875,"1988-09-09",,Male,No,0,Graduate,No,4095,3447,151000,360,30,1,studio,APPROVE
LP001877,"1982-02-27","+62856237344",Male,Yes,2,Graduate,No,4708,1387,150000,360,30,1,apartment,APPROVE
LP001882,"1983-10-11","+628568274624",Male,Yes,3+,Graduate,No,4333,1811,160000,360,30,0,house,APPROVE
LP001883,"1983-11-16","+628113971569",Female,No,0,Graduate,,3418,0,135000,360,30,1,studio,REJECT
LP001884,"1985-08-16","+628117870108",Female,No,1,Graduate,No,2876,1560,90000,360,30,1,house,APPROVE
LP001888,"1982-07-26",,Female,No,0,Graduate,No,3237,0,30000,360,30,1,house,APPROVE
LP001891,"1996-08-07","+628119111676",Male,Yes,0,Graduate,No,11146,0,136000,360,30,1,house,APPROVE
LP001892,"1979-04-09","+628113572265",Male,No,0,Graduate,No,2833,1857,126000,360,30,1,studio,APPROVE
LP001894,"1987-12-04",,Male,Yes,0,Graduate,No,2620,2223,150000,360,30,1,apartment,APPROVE
LP001896,"1981-08-17","+628570316961",Male,Yes,2,Graduate,No,3900,0,90000,360,30,1,apartment,APPROVE
LP001900,"1988-08-16","+628572717978",Male,Yes,1,Graduate,No,2750,1842,115000,360,30,1,apartment,APPROVE
LP001903,"1983-01-21",,Male,Yes,0,Graduate,No,3993,3274,207000,360,30,1,apartment,APPROVE
LP001904,"1986-01-30","+62811520563",Male,Yes,0,Graduate,No,3103,1300,80000,360,30,1,house,APPROVE
LP001904,"1986-01-30","+62811520563",Male,Yes,0,Graduate,No,3103,1300,80000,360,30,1,house,APPROVE
LP001907,"1990-01-23","+628777625151",Male,Yes,0,Graduate,No,14583,0,436000,360,30,1,apartment,APPROVE
LP001908,"1991-11-02","+628565831414",Female,Yes,0,Not Graduate,No,4100,0,124000,360,30,,studio,APPROVE
LP001910,"1990-08-22","+628134520523",Male,No,1,Not Graduate,Yes,4053,2426,158000,360,30,0,house,REJECT
LP001914,"1985-07-13","+62813557241",Male,Yes,0,Graduate,No,3927,800,112000,360,30,1,apartment,APPROVE
LP001915,"1975-01-20","+628130487661",Male,Yes,2,Graduate,No,2301,985.7999878,78000,180,15,1,house,APPROVE
LP001917,,"+628116360604",Female,No,0,Graduate,No,1811,1666,54000,360,30,1,house,APPROVE
LP001922,"1978-08-26","+628776539389",Male,Yes,0,Graduate,No,20667,0,110000,360,30,1,studio,REJECT
LP001924,"1990-05-06","+628137559978",Male,No,0,Graduate,No,3158,3053,89000,360,30,1,studio,APPROVE
LP001925,"1973-04-16","+628560117870",Female,No,0,Graduate,Yes,2600,1717,99000,300,25,1,apartment,REJECT
LP001926,"1983-01-12","+628776435826",Male,Yes,0,Graduate,No,3704,2000,120000,360,30,1,studio,APPROVE
LP001931,"1985-01-19","+628576152229",Female,No,0,Graduate,No,4124,0,115000,360,30,1,apartment,APPROVE
LP001935,"1990-10-09","+628561195345",Male,No,0,Graduate,No,9508,0,187000,360,30,1,studio,APPROVE
LP001936,"1982-10-10","+628134297140",Male,Yes,0,Graduate,No,3075,2416,139000,360,30,1,studio,APPROVE
LP001938,"1977-05-10","+628570212870",Male,Yes,2,Graduate,No,4400,0,127000,360,30,0,apartment,REJECT
LP001940,"1977-09-19","+628111772331",Male,Yes,2,Graduate,No,3153,1560,134000,360,30,1,house,APPROVE
LP001945,"1986-11-14","+628561597485",Female,No,,Graduate,No,5417,0,143000,480,40,0,house,REJECT
LP001947,"1990-03-25","+628772545360",Male,Yes,0,Graduate,No,2383,3334,172000,360,30,1,apartment,APPROVE
LP001949,"1990-10-09","+628110854819",Male,Yes,3+,Graduate,,4416,1250,110000,360,30,1,house,APPROVE
LP001953,"1988-03-21","+628111349798",Male,Yes,1,Graduate,No,6875,0,200000,360,30,1,apartment,APPROVE
LP001954,"1990-04-24","+628119202155",Female,Yes,1,Graduate,No,4666,0,135000,360,30,1,house,APPROVE
LP001955,"1986-02-05","+628112436843",Female,No,0,Graduate,No,5000,2541,151000,480,40,1,studio,REJECT
LP001963,"1986-11-13","+628569905674",Male,Yes,1,Graduate,No,2014,2925,113000,360,30,1,house,REJECT
LP001964,"1989-01-18","+628560869503",Male,Yes,0,Not Graduate,No,1800,2934,93000,360,30,0,house,REJECT
LP001972,"1982-02-19","+62857423458",Male,Yes,,Not Graduate,No,2875,1750,105000,360,30,1,apartment,APPROVE
LP001974,"1985-06-02","+628117062797",Female,No,0,Graduate,No,5000,0,132000,360,30,1,studio,APPROVE
LP001977,"1980-03-24","+628112309339",Male,Yes,1,Graduate,No,1625,1803,96000,360,30,1,house,APPROVE
LP001978,,"+628567253041",Male,No,0,Graduate,No,4000,2500,140000,360,30,1,studio,APPROVE
LP001990,"1980-08-03","+628527921833",Male,No,0,Not Graduate,No,2000,0,119000,360,30,1,house,REJECT
LP001990,"1980-08-03","+628527921833",Male,No,0,Not Graduate,No,2000,0,119000,360,30,1,house,REJECT
LP001993,"1991-11-03","+628133368168",Female,No,0,Graduate,No,3762,1666,135000,360,30,1,studio,APPROVE
LP001994,"1977-10-14","+628561615966",Female,No,0,Graduate,No,2400,1863,104000,360,30,0,house,REJECT
LP001996,"1975-03-04","+628130724614",Male,No,0,Graduate,No,20233,0,480000,360,30,1,studio,REJECT
LP001998,"1983-10-13","+628114850142",Male,Yes,2,Not Graduate,No,7667,0,185000,360,30,,studio,APPROVE
LP002002,"1989-04-09","+62811206724",Female,No,0,Graduate,No,2917,0,84000,360,30,1,apartment,APPROVE
LP002004,"1986-08-01","+628522456951",Male,No,0,Not Graduate,No,2927,2405,111000,360,30,1,apartment,APPROVE
LP002006,"1990-06-04","+628568301872",Female,No,0,Graduate,No,2507,0,56000,360,30,1,studio,APPROVE
LP002008,,"+628564037057",Male,Yes,2,Graduate,Yes,5746,0,144000,84,7,,studio,APPROVE
LP002024,"1989-10-26",,,Yes,0,Graduate,No,2473,1843,159000,360,30,1,studio,REJECT
LP002031,,"+628561159040",Male,Yes,1,Not Graduate,No,3399,1640,111000,180,15,1,house,APPROVE
LP002035,"1988-07-11","+628117925273",Male,Yes,2,Graduate,No,3717,0,120000,360,30,1,apartment,APPROVE
LP002036,,"+628570701552",Male,Yes,0,Graduate,No,2058,2134,88000,360,30,,house,APPROVE
LP002043,"1980-07-10","+628565818306",Female,No,1,Graduate,No,3541,0,112000,360,30,,apartment,APPROVE
LP002050,"1986-11-18",,Male,Yes,1,Graduate,Yes,10000,0,155000,360,30,1,studio,REJECT
LP002051,"1988-06-01","+628571839828",Male,Yes,0,Graduate,No,2400,2167,115000,360,30,1,apartment,APPROVE
LP002053,,"+628576380462",Male,Yes,3+,Graduate,No,4342,189,124000,360,30,1,apartment,APPROVE
LP002054,,"+628136691557",Male,Yes,2,Not Graduate,No,3601,1590,117000,360,30,1,studio,APPROVE
LP002055,"1989-06-13","+628110153258",Female,No,0,Graduate,No,3166,2985,132000,360,30,,studio,APPROVE
LP002065,"1981-02-03",,Male,Yes,3+,Graduate,No,15000,0,300000,360,30,1,studio,APPROVE
LP002067,"1983-04-09","+628131952442",Male,Yes,1,Graduate,Yes,8666,4983,376000,360,30,0,studio,REJECT
LP002068,"1982-01-23",,Male,No,0,Graduate,No,4917,0,130000,360,30,0,studio,APPROVE
LP002082,"1989-01-24","+628114511882",Male,Yes,0,Graduate,Yes,5818,2160,184000,360,30,1,apartment,APPROVE
LP002086,"1984-09-29","+628571435197",Female,Yes,0,Graduate,No,4333,2451,110000,360,30,1,house,REJECT
LP002087,"1988-09-10","+628526295584",Female,No,0,Graduate,No,2500,0,67000,360,30,1,house,APPROVE
LP002097,"1994-12-17","+628110792485",Male,No,1,Graduate,No,4384,1793,117000,360,30,1,house,APPROVE
LP002098,"1987-08-05","+628523164057",Male,No,0,Graduate,No,2935,0,98000,360,30,1,apartment,APPROVE
LP002100,,"+628114885041",Male,No,,Graduate,No,2833,0,71000,360,30,1,house,APPROVE
LP002101,"1985-09-29","+628112718565",Male,Yes,0,Graduate,,63337,0,490000,180,15,1,house,APPROVE
LP002103,"1981-04-13","+628114726655",,Yes,1,Graduate,Yes,9833,1833,182000,180,15,1,house,APPROVE
LP002106,"1984-11-22","+628115840080",Male,Yes,,Graduate,Yes,5503,4490,70000,360,30,1,apartment,APPROVE
LP002110,"1985-11-13","+628113075396",Male,Yes,1,Graduate,,5250,688,160000,360,30,1,studio,APPROVE
LP002112,,"+628115969120",Male,Yes,2,Graduate,Yes,2500,4600,176000,360,30,1,studio,APPROVE
LP002113,"1990-05-22","+628118783555",Female,No,3+,Not Graduate,No,1830,0,110000,360,30,0,house,REJECT
LP002114,"1988-04-02","+628119733063",Female,No,0,Graduate,No,4160,0,71000,360,30,1,apartment,APPROVE
LP002115,"1983-12-26","+628566657027",Male,Yes,3+,Not Graduate,No,2647,1587,173000,360,30,1,studio,REJECT
LP002116,"1990-07-16","+628574538060",Female,No,0,Graduate,No,2378,0,46000,360,30,1,studio,REJECT
LP002119,"1986-10-07","+628111109325",Male,Yes,1,Not Graduate,No,4554,1229,158000,360,30,1,house,APPROVE
LP002126,"1985-08-02","+628132237973",Male,Yes,3+,Not Graduate,No,3173,0,74000,360,30,1,apartment,APPROVE
LP002128,"1989-11-13",,Male,Yes,2,Graduate,,2583,2330,125000,360,30,1,studio,APPROVE
LP002129,"1981-05-10","+628116140712",Male,Yes,0,Graduate,No,2499,2458,160000,360,30,1,apartment,APPROVE
LP002130,"1988-11-24","+628562267009",Male,Yes,,Not Graduate,No,3523,3230,152000,360,30,0,studio,REJECT
LP002131,"1980-05-19","+628775198790",Male,Yes,2,Not Graduate,No,3083,2168,126000,360,30,1,house,APPROVE
LP002137,"1989-10-14","+628114537923",Male,Yes,0,Graduate,No,6333,4583,259000,360,30,,apartment,APPROVE
LP002138,"1992-11-01","+628528672172",Male,Yes,0,Graduate,No,2625,6250,187000,360,30,1,studio,APPROVE
LP002139,"1986-05-20","+628138272000",Male,Yes,0,Graduate,No,9083,0,228000,360,30,1,apartment,APPROVE
LP002140,"1978-02-17","+628771885982",Male,No,0,Graduate,No,8750,4167,308000,360,30,1,studio,REJECT
LP002141,,"+628117067606",Male,Yes,3+,Graduate,No,2666,2083,95000,360,30,1,studio,APPROVE
LP002142,"1991-08-22","+628774596264",Female,Yes,0,Graduate,Yes,5500,0,105000,360,30,0,studio,REJECT
LP002143,"1983-11-16","+628114907189",Female,Yes,0,Graduate,No,2423,505,130000,360,30,1,apartment,APPROVE
LP002144,"1987-06-15","+628134214962",Female,No,,Graduate,No,3813,0,116000,180,15,1,house,APPROVE
LP002149,"1988-03-20","+628578478364",Male,Yes,2,Graduate,No,8333,3167,165000,360,30,1,studio,APPROVE
LP002151,"1978-09-10","+628113642801",Male,Yes,1,Graduate,No,,0,67000,360,30,1,house,REJECT
LP002158,"1988-06-02","+628133240743",Male,Yes,0,Not Graduate,No,3000,1666,100000,480,40,0,house,REJECT
LP002160,"1990-11-27","+628115255742",Male,Yes,3+,Graduate,No,5167,3167,200000,360,30,1,apartment,APPROVE
LP002160,"1990-11-27","+628115255742",Male,Yes,3+,Graduate,No,5167,3167,200000,360,30,1,apartment,APPROVE
LP002161,"1996-12-28","+628562595299",Female,No,1,Graduate,No,4723,0,81000,360,30,1,apartment,REJECT
LP002170,"1980-07-13","+628116851232",Male,Yes,2,Graduate,No,5000,3667,236000,360,30,1,apartment,APPROVE
LP002175,"1982-02-22","+628773496314",Male,Yes,0,Graduate,No,4750,2333,130000,360,30,1,house,APPROVE
LP002178,"1988-01-29","+628110872991",Male,Yes,0,Graduate,No,3013,3033,95000,300,25,,house,APPROVE
LP002180,"1986-11-04","+628113585727",Male,No,0,Graduate,Yes,6822,0,141000,360,30,1,studio,APPROVE
LP002181,"1979-03-23","+628134413147",Male,No,0,Not Graduate,No,6216,0,133000,360,30,1,studio,REJECT
LP002187,"1982-05-30","+628572901938",Male,No,0,Graduate,No,2500,0,96000,480,40,1,apartment,REJECT
LP002188,"1978-04-20","+628134374364",Male,No,0,Graduate,No,5124,0,124000,360,30,0,studio,REJECT
LP002190,"1992-04-07","+628771522891",Male,Yes,1,Graduate,No,6325,0,175000,360,30,1,apartment,APPROVE
LP002191,"1986-02-02","+628560430210",Male,Yes,0,Graduate,No,19730,5266,570000,360,30,1,studio,REJECT
LP002194,"1986-02-22","+628562870231",Female,No,0,Graduate,Yes,15759,0,55000,360,30,1,apartment,APPROVE
LP002197,,"+62856933466",Male,Yes,2,Graduate,No,5185,0,155000,360,30,1,apartment,APPROVE
LP002201,"1988-05-26","+628566183106",Male,Yes,2,Graduate,Yes,9323,7873,380000,300,25,1,studio,APPROVE
LP002205,"1976-02-22","+628119617724",Male,No,1,Graduate,No,3062,1987,111000,180,15,0,house,REJECT
LP002209,"1990-11-16","+628131839345",Female,No,0,Graduate,,2764,1459,110000,360,30,1,house,APPROVE
LP002211,"1982-10-28","+628118302011",Male,Yes,0,Graduate,No,4817,923,120000,180,15,1,house,APPROVE
LP002219,"1983-11-25","+62852636241",Male,Yes,3+,Graduate,No,8750,4996,130000,360,30,1,studio,APPROVE
LP002223,"1986-12-08","+628564148882",Male,Yes,0,Graduate,No,4310,0,130000,360,30,,apartment,APPROVE
LP002224,"1972-05-17","+62811233059",Male,No,0,Graduate,No,3069,0,71000,480,40,1,house,REJECT
LP002225,"1986-02-05","+628138881258",Male,Yes,2,Graduate,No,5391,0,130000,360,30,1,house,APPROVE
LP002226,"1989-11-09","+628779851264",Male,Yes,0,Graduate,,3333,2500,128000,360,30,1,apartment,APPROVE
LP002229,"1985-10-02","+628573247823",Male,No,0,Graduate,No,5941,4232,296000,360,30,1,apartment,APPROVE
LP002231,"1981-06-09","+628774255325",Female,No,0,Graduate,No,6000,0,156000,360,30,1,house,APPROVE
LP002234,"1978-02-25","+62811372926",Male,No,0,Graduate,Yes,7167,0,128000,360,30,1,house,APPROVE
LP002236,"1979-04-04","+628528306158",Male,Yes,2,Graduate,No,4566,0,100000,360,30,1,house,REJECT
LP002237,"1987-08-18","+62811380466",Male,No,1,Graduate,,3667,0,113000,180,15,1,house,APPROVE
LP002239,"1988-11-09","+628111229635",Male,No,0,Not Graduate,No,2346,1600,132000,360,30,1,apartment,APPROVE
LP002243,"1995-06-23","+628117285492",Male,Yes,0,Not Graduate,No,3010,3136,110000,360,30,0,house,REJECT
LP002244,"1982-09-18","+628771609641",Male,Yes,0,Graduate,No,2333,2417,136000,360,30,1,house,APPROVE
LP002250,"1984-06-23","+628137198888",Male,Yes,0,Graduate,No,5488,0,125000,360,30,1,studio,APPROVE
LP002255,"1985-05-21","+628132633185",Male,No,3+,Graduate,No,9167,0,185000,360,30,1,studio,APPROVE
LP002262,"1987-12-25","+628139600220",Male,Yes,3+,Graduate,No,9504,0,275000,360,30,1,studio,APPROVE
LP002263,"1983-10-03","+628117911139",Male,Yes,0,Graduate,No,2583,2115,120000,360,30,,house,APPROVE
LP002265,"1972-11-15","+62811568226",Male,Yes,2,Not Graduate,No,1993,1625,113000,180,15,1,apartment,APPROVE
LP002266,"1993-09-09","+628111373703",Male,Yes,2,Graduate,No,3100,1400,113000,360,30,1,house,APPROVE
LP002272,"1989-05-05","+628116412448",Male,Yes,2,Graduate,No,3276,484,135000,360,30,,apartment,APPROVE
LP002277,"1972-06-12","+628138392877",Female,No,0,Graduate,No,3180,0,71000,360,30,0,house,REJECT
LP002277,"1972-06-12","+628138392877",Female,No,0,Graduate,No,3180,0,71000,360,30,0,house,REJECT
LP002281,"1988-01-07",,Male,Yes,0,Graduate,No,3033,1459,95000,360,30,1,house,APPROVE
LP002284,"1991-08-21","+62857579619",Male,No,0,Not Graduate,No,3902,1666,109000,360,30,1,studio,APPROVE
LP002287,"1991-02-26","+628564667710",Female,No,0,Graduate,No,1500,1800,103000,360,30,0,apartment,REJECT
LP002288,,"+628529906721",Male,Yes,2,Not Graduate,No,2889,0,45000,180,15,0,house,REJECT
LP002296,"1978-02-01","+628579280501",Male,No,0,Not Graduate,No,2755,0,65000,300,25,1,studio,REJECT
LP002297,"1980-06-23","+62857390203",Male,No,0,Graduate,No,2500,20000,103000,360,30,1,apartment,APPROVE
LP002300,"1985-01-21","+62877395579",Female,No,0,Not Graduate,No,1963,0,53000,360,30,1,apartment,APPROVE
LP002301,,"+62877397894",Female,No,0,Graduate,Yes,7441,0,194000,360,30,1,studio,REJECT
LP002305,"1985-07-16","+62877573305",Female,No,0,Graduate,No,4547,0,115000,360,30,1,apartment,APPROVE
LP002308,"1982-11-03","+62856901993",Male,Yes,0,Not Graduate,No,2167,2400,115000,360,30,1,house,APPROVE
LP002314,"1994-05-21","+628136887080",Female,No,0,Not Graduate,No,2213,0,66000,360,30,1,studio,APPROVE
LP002315,"1984-05-18","+628117282266",Male,Yes,1,Graduate,No,8300,0,152000,300,25,0,apartment,REJECT
LP002317,"1980-11-04","+62857066651",Male,Yes,3+,Graduate,No,81000,0,360000,360,30,0,studio,REJECT
LP002318,"1980-04-02","+628138296820",Female,No,1,Not Graduate,Yes,3867,0,62000,360,30,1,apartment,REJECT
LP002319,"1988-04-23",,Male,Yes,0,Graduate,,6256,0,160000,360,30,,house,APPROVE
LP002328,"1978-08-09","+628776525157",Male,Yes,0,Not Graduate,No,6096,0,218000,360,30,0,studio,REJECT
LP002332,"1981-04-15","+628776744219",Male,Yes,0,Not Graduate,No,2253,2033,110000,360,30,1,studio,APPROVE
LP002335,"1986-03-02","+628578854163",Female,Yes,0,Not Graduate,No,2149,3237,178000,360,30,0,apartment,REJECT
LP002337,"1982-06-30","+628113554327",Female,No,0,Graduate,No,2995,0,60000,360,30,1,house,APPROVE
LP002341,"1985-08-25","+628139810706",Female,No,1,Graduate,No,2600,0,160000,360,30,1,house,REJECT
LP002342,,"+628567863739",Male,Yes,2,Graduate,Yes,1600,20000,239000,360,30,1,house,REJECT
LP002345,"1981-08-16","+628571180732",Male,Yes,0,Graduate,No,1025,2773,112000,360,30,1,studio,APPROVE
LP002347,"1990-03-25","+62877882283",Male,Yes,0,Graduate,No,3246,1417,138000,360,30,1,apartment,APPROVE
LP002348,"1986-02-11","+628116868453",Male,Yes,0,Graduate,No,5829,0,138000,360,30,1,studio,APPROVE
LP002357,"1984-07-09","+628564559844",Female,No,0,Not Graduate,No,2720,0,80000,360,30,0,house,REJECT
LP002361,,"+62857531026",Male,Yes,0,Graduate,No,1820,1719,100000,360,30,1,house,APPROVE
LP002362,"1979-02-14","+62877109540",Male,Yes,1,Graduate,No,7250,1667,110000,360,30,0,house,REJECT
LP002364,,,Male,Yes,0,Graduate,No,14880,0,96000,360,30,1,apartment,APPROVE
LP002366,"1984-01-03","+628139679622",Male,Yes,0,Graduate,No,2666,4300,121000,360,30,1,studio,APPROVE
LP002367,"1987-11-04","+628772558522",Female,No,1,Not Graduate,No,4606,0,81000,360,30,1,studio,REJECT
LP002368,"1987-11-11","+628110320785",Male,Yes,2,Graduate,No,5935,0,133000,360,30,1,apartment,APPROVE
LP002369,"1984-09-29","+628117745922",Male,Yes,0,Graduate,No,2920,16.12000084,87000,360,30,1,studio,APPROVE
LP002370,"1978-12-25","+62811740725",Male,No,0,Not Graduate,No,2717,0,60000,180,15,1,house,APPROVE
LP002377,"1985-05-31","+62813407090",Female,No,1,Graduate,Yes,8624,0,150000,360,30,1,apartment,APPROVE
LP002379,"1970-04-24","+628563412400",Male,No,0,Graduate,No,6500,0,105000,360,30,0,studio,REJECT
LP002386,"1988-07-26","+628526779606",Male,No,0,Graduate,,12876,0,405000,360,30,1,apartment,APPROVE
LP002387,"1984-10-09","+628779379861",Male,Yes,0,Graduate,No,2425,2340,143000,360,30,1,apartment,APPROVE
LP002390,"1991-03-13","+628117158618",Male,No,0,Graduate,No,,0,100000,360,30,1,house,APPROVE
LP002393,,"+628567502776",Female,,,Graduate,No,10047,0,110000,240,20,1,apartment,APPROVE
LP002398,"1982-05-08","+628134092190",Male,No,0,Graduate,No,1926,1851,50000,360,30,1,apartment,APPROVE
LP002401,"1985-02-03","+628573550053",Male,Yes,0,Graduate,No,2213,1125,110000,360,30,1,house,APPROVE
LP002403,"1976-02-17",,Male,No,0,Graduate,Yes,10416,0,187000,360,30,0,house,REJECT
LP002407,"1981-08-22","+628117693263",Female,Yes,0,Not Graduate,Yes,7142,0,138000,360,30,1,studio,APPROVE
LP002408,"1985-07-11","+628136625624",Male,No,0,Graduate,No,3660,5064,187000,360,30,1,apartment,APPROVE
LP002409,"1979-04-12","+628134614694",Male,Yes,0,Graduate,No,7901,1833,180000,360,30,1,studio,APPROVE
LP002418,"1984-01-30","+628578530941",Male,No,3+,Not Graduate,No,4707,1993,148000,360,30,1,apartment,APPROVE
LP002422,"1988-01-10","+628131419339",Male,No,1,Graduate,No,37719,0,152000,360,30,1,apartment,APPROVE
LP002424,"1988-08-28","+62811456951",Male,Yes,0,Graduate,No,7333,8333,175000,300,25,,studio,APPROVE
LP002429,"1981-10-06","+628579243294",Male,Yes,1,Graduate,Yes,3466,1210,130000,360,30,1,studio,APPROVE
LP002434,"1985-10-30",,Male,Yes,2,Not Graduate,No,4652,0,110000,360,30,1,studio,APPROVE
LP002435,,"+628136591073",Male,Yes,0,Graduate,,3539,1376,55000,360,30,1,studio,REJECT
LP002443,"1981-10-02","+628113035083",Male,Yes,2,Graduate,No,3340,1710,150000,360,30,0,studio,REJECT
LP002444,"1967-03-12","+628575004264",Male,No,1,Not Graduate,Yes,2769,1542,190000,360,30,,apartment,REJECT
LP002446,"1984-03-13","+62856355762",Male,Yes,2,Not Graduate,No,2309,1255,125000,360,30,0,studio,REJECT
LP002447,"1992-04-07",,Male,Yes,2,Not Graduate,No,1958,1456,60000,300,25,,house,APPROVE
LP002448,"1990-01-25","+628574487163",Male,Yes,0,Graduate,No,,1733,149000,360,30,0,studio,REJECT
LP002449,"1985-01-05","+628778800236",Male,Yes,0,Graduate,No,2483,2466,90000,180,15,0,studio,APPROVE
LP002453,"1983-03-28","+628138713737",Male,No,0,Graduate,Yes,7085,0,84000,360,30,1,apartment,APPROVE
LP002455,"1983-04-17","+628115679268",Male,Yes,2,Graduate,No,,0,96000,360,30,1,apartment,APPROVE
LP002459,"1989-02-07","+62877375142",Male,Yes,0,Graduate,No,4301,0,118000,360,30,1,house,APPROVE
LP002467,"1984-04-13",,Male,Yes,0,Graduate,No,,2569,173000,360,30,1,house,REJECT
LP002472,"1988-03-02","+628575032247",Male,No,2,Graduate,No,4354,0,136000,360,30,1,studio,APPROVE
LP002473,"1969-11-28",,Male,Yes,0,Graduate,No,8334,0,160000,360,30,1,apartment,REJECT
LP002478,"1986-10-29","+62856026623",,Yes,0,Graduate,Yes,2083,4083,160000,360,30,,apartment,APPROVE
LP002484,"1990-06-11","+628113177338",Male,Yes,3+,Graduate,No,7740,0,128000,180,15,1,house,APPROVE
LP002487,"1984-11-18","+628118630662",Male,Yes,0,Graduate,No,3015,2188,153000,360,30,1,studio,APPROVE
LP002489,"1980-02-05","+62856508887",Female,No,1,Not Graduate,,5191,0,132000,360,30,1,apartment,APPROVE
LP002493,"1974-08-25","+62813635001",Male,No,0,Graduate,No,4166,0,98000,360,30,0,apartment,REJECT
LP002494,"1990-08-07","+628119949126",Male,No,0,Graduate,No,6000,0,140000,360,30,1,studio,APPROVE
LP002500,"1987-04-07","+62811996436",Male,Yes,3+,Not Graduate,No,2947,1664,70000,180,15,0,house,REJECT
LP002501,"1982-07-02","+628573354705",,Yes,0,Graduate,No,16692,0,110000,360,30,1,apartment,APPROVE
LP002502,"1987-03-14","+628575606012",Female,Yes,2,Not Graduate,,210,2917,98000,360,30,1,apartment,APPROVE
LP002505,"1991-01-27","+62813348349",Male,Yes,0,Graduate,No,4333,2451,110000,360,30,1,house,REJECT
LP002515,"1987-08-19","+62813789148",Male,Yes,1,Graduate,Yes,3450,2079,162000,360,30,1,apartment,APPROVE
LP002517,"1983-09-30","+628134234255",Male,Yes,1,Not Graduate,No,2653,1500,113000,180,15,0,studio,REJECT
LP002519,"1987-12-05","+62877218889",Male,Yes,3+,Graduate,No,4691,0,100000,360,30,1,apartment,APPROVE
LP002522,"1988-12-23","+628117207088",Female,No,0,Graduate,Yes,2500,0,93000,360,30,,house,APPROVE
LP002524,"1989-02-03","+62811126534",Male,No,2,Graduate,No,5532,4648,162000,360,30,1,studio,APPROVE
LP002527,"1987-08-05","+628560521882",Male,Yes,2,Graduate,Yes,16525,1014,150000,360,30,1,studio,APPROVE
LP002529,"1990-04-15","+62852950824",Male,Yes,2,Graduate,No,6700,1750,230000,300,25,1,apartment,APPROVE
LP002530,,,,Yes,2,Graduate,No,2873,1872,132000,360,30,0,apartment,REJECT
LP002531,"1983-06-18",,Male,Yes,1,Graduate,Yes,16667,2250,86000,360,30,1,apartment,APPROVE
LP002533,"1977-06-20","+628568533413",Male,Yes,2,Graduate,No,2947,1603,110000,360,30,1,house,REJECT
LP002534,"1984-08-28","+628566045825",Female,No,0,Not Graduate,No,4350,0,154000,360,30,1,studio,APPROVE
LP002536,"1988-08-22","+628136306341",Male,Yes,3+,Not Graduate,No,3095,0,113000,360,30,1,studio,APPROVE
LP002537,"1986-01-21","+628770471818",Male,Yes,0,Graduate,No,2083,3150,128000,360,30,1,apartment,APPROVE
LP002541,"1986-02-26","+628562591610",Male,Yes,0,Graduate,No,10833,0,234000,360,30,1,apartment,APPROVE
LP002543,"1984-06-04","+628566315778",Male,Yes,2,Graduate,No,8333,0,246000,360,30,1,apartment,APPROVE
LP002544,"1989-02-21","+628113856574",Male,Yes,1,Not Graduate,No,1958,2436,131000,360,30,1,studio,APPROVE
LP002545,"1982-01-16","+62811743265",Male,No,2,Graduate,No,3547,0,80000,360,30,0,studio,REJECT
LP002547,"1979-03-02",,Male,Yes,1,Graduate,No,18333,0,500000,360,30,1,house,REJECT
LP002555,"1994-07-22","+628566597231",Male,Yes,2,Graduate,Yes,4583,2083,160000,360,30,1,apartment,APPROVE
LP002556,"1986-02-04",,Male,No,0,Graduate,No,2435,0,75000,360,30,1,house,REJECT
LP002560,"1987-05-02","+628579162907",Male,No,0,Not Graduate,No,2699,2785,96000,360,30,,apartment,APPROVE
LP002562,"1983-05-29","+628770798598",Male,Yes,1,Not Graduate,No,5333,1131,186000,360,30,,house,APPROVE
LP002571,"1988-12-10","+628117921350",Male,No,0,Not Graduate,No,3691,0,110000,360,30,1,studio,APPROVE
LP002582,"1980-07-02","+628115552284",Female,No,0,Not Graduate,Yes,17263,0,225000,360,30,1,apartment,APPROVE
LP002585,"1977-05-14","+628774412214",Male,Yes,0,Graduate,No,3597,2157,119000,360,30,0,studio,REJECT
LP002586,"1986-02-02","+628119817408",Female,Yes,1,Graduate,No,3326,913,105000,84,7,1,apartment,APPROVE
LP002587,"1984-02-10","+62857289607",Male,Yes,0,Not Graduate,No,2600,1700,107000,360,30,1,studio,APPROVE
LP002588,"1984-06-27","+628116046746",Male,Yes,0,Graduate,No,4625,2857,111000,12,1,,house,APPROVE
LP002600,"1993-06-06","+628116727621",Male,Yes,1,Graduate,Yes,2895,0,95000,360,30,1,apartment,APPROVE
LP002602,"1982-06-16","+628113465084",Male,No,0,Graduate,No,6283,4416,209000,360,30,0,studio,REJECT
LP002603,,"+628138303184",Female,No,0,Graduate,No,645,3683,113000,480,40,1,studio,APPROVE
LP002606,"1984-09-01","+628130423292",Female,No,0,Graduate,No,3159,0,100000,360,30,1,apartment,APPROVE
LP002615,"1991-01-31","+628134082895",Male,Yes,2,Graduate,No,4865,5624,208000,360,30,1,apartment,APPROVE
LP002618,"1981-03-23","+628564189002",Male,Yes,1,Not Graduate,No,4050,5302,138000,360,30,,studio,REJECT
LP002619,"1984-03-13","+62811200428",Male,Yes,0,Not Graduate,No,3814,1483,124000,300,25,1,apartment,APPROVE
LP002622,"1987-08-07","+628777926599",Male,Yes,2,Graduate,No,3510,4416,243000,360,30,1,studio,APPROVE
LP002624,"1983-10-22","+628112138548",Male,Yes,0,Graduate,No,20833,6667,480000,360,30,,house,APPROVE
LP002625,"1980-04-11","+628562964089",,No,0,Graduate,No,3583,0,96000,360,30,1,house,REJECT
LP002626,"1986-02-20","+628560543439",Male,Yes,0,Graduate,Yes,2479,3013,188000,360,30,1,house,APPROVE
LP002634,"1980-03-20","+628563768121",Female,No,1,Graduate,No,13262,0,40000,360,30,1,house,APPROVE
LP002637,"1991-04-28","+628114415041",Male,No,0,Not Graduate,No,3598,1287,100000,360,30,1,studio,REJECT
LP002640,"1990-01-06","+628118390885",Male,Yes,1,Graduate,No,6065,2004,250000,360,30,1,apartment,APPROVE
LP002643,"1986-06-12","+62813293624",Male,Yes,2,Graduate,No,3283,2035,148000,360,30,1,house,APPROVE
LP002648,"1971-05-20","+628564175809",Male,Yes,0,Graduate,No,2130,6666,70000,180,15,1,apartment,REJECT
LP002652,"1976-04-26","+628777388235",Male,No,0,Graduate,No,5815,3666,311000,360,30,1,studio,REJECT
LP002659,"1993-05-03","+628563505405",Male,Yes,3+,Graduate,No,3466,3428,150000,360,30,1,studio,APPROVE
LP002670,"1988-06-23","+628776485893",Female,Yes,2,Graduate,No,2031,1632,113000,480,40,1,apartment,APPROVE
LP002682,"1984-08-30","+628564253952",Male,Yes,,Not Graduate,No,3074,1800,123000,360,30,0,apartment,REJECT
LP002683,"1976-11-04","+628574492558",Male,No,0,Graduate,No,4683,1915,185000,360,30,1,apartment,REJECT
LP002684,"1969-02-21","+628521913412",Female,No,0,Not Graduate,No,3400,0,95000,360,30,1,studio,REJECT
LP002689,"1985-09-22","+628772069624",Male,Yes,2,Not Graduate,No,2192,1742,45000,360,30,1,apartment,APPROVE
LP002690,"1987-02-07","+628113253938",Male,No,0,Graduate,No,2500,0,55000,360,30,1,apartment,APPROVE
LP002692,"1992-12-30",,Male,Yes,3+,Graduate,Yes,5677,1424,100000,360,30,1,studio,APPROVE
LP002693,"1985-03-06",,Male,Yes,2,Graduate,Yes,7948,7166,480000,360,30,1,studio,APPROVE
LP002697,"1994-09-29","+628529188905",Male,No,0,Graduate,No,4680,2087,120000,360,30,1,apartment,REJECT
LP002699,"1984-02-03","+62857127095",Male,Yes,2,Graduate,Yes,17500,0,400000,360,30,1,studio,APPROVE
LP002705,"1987-08-07","+628774173458",Male,Yes,0,Graduate,No,3775,0,110000,360,30,1,apartment,APPROVE
LP002706,"1985-12-27","+628111209663",Male,Yes,1,Not Graduate,No,5285,1430,161000,360,30,0,apartment,APPROVE
LP002714,"1988-10-11","+628135179764",Male,No,1,Not Graduate,No,2679,1302,94000,360,30,1,apartment,APPROVE
LP002716,"1988-07-31","+628562045220",Male,No,0,Not Graduate,No,6783,0,130000,360,30,1,apartment,APPROVE
LP002717,"1979-03-23","+628573979688",Male,Yes,0,Graduate,No,1025,5500,216000,360,30,,studio,APPROVE
LP002720,"1986-05-21","+628117463322",Male,Yes,3+,Graduate,No,4281,0,100000,360,30,1,house,APPROVE
LP002723,"1986-10-30",,Male,No,2,Graduate,No,3588,0,110000,360,30,0,studio,REJECT
LP002729,"1981-03-28","+628528461257",Male,No,1,Graduate,No,11250,0,196000,360,30,,apartment,REJECT
LP002731,"1983-02-14","+628138303917",Female,No,0,Not Graduate,Yes,18165,0,125000,360,30,1,house,APPROVE
LP002732,,"+628119753134",Male,No,0,Not Graduate,,2550,2042,126000,360,30,1,studio,APPROVE
LP002734,"1995-03-08","+628571253720",Male,Yes,0,Graduate,No,6133,3906,324000,360,30,1,house,APPROVE
LP002738,"1980-08-07","+62857050185",Male,No,2,Graduate,No,3617,0,107000,360,30,1,apartment,APPROVE
LP002739,"1979-12-21",,Male,Yes,0,Not Graduate,No,2917,536,66000,360,30,1,studio,REJECT
LP002740,"1995-06-17",,Male,Yes,3+,Graduate,No,6417,0,157000,180,15,1,studio,APPROVE
LP002741,"1986-02-23","+628778719405",Female,Yes,1,Graduate,No,4608,2845,140000,180,15,1,apartment,APPROVE
LP002743,"1991-11-25","+628139828189",Female,No,0,Graduate,No,2138,0,99000,360,30,0,apartment,REJECT
LP002753,"1981-03-04","+62811814150",Female,No,1,Graduate,,3652,0,95000,360,30,1,apartment,APPROVE
LP002755,"1985-06-09","+628111340120",Male,Yes,1,Not Graduate,No,2239,2524,128000,360,30,1,house,APPROVE
LP002757,"1981-06-20","+628133240455",Female,Yes,0,Not Graduate,No,3017,663,102000,360,30,,apartment,APPROVE
LP002767,"1991-05-04","+628130821005",Male,Yes,0,Graduate,No,2768,1950,155000,360,30,1,studio,APPROVE
LP002768,"1990-04-24","+628113164290",Male,No,0,Not Graduate,No,3358,0,80000,36,3,1,apartment,REJECT
LP002772,,"+628138453851",Male,No,0,Graduate,No,2526,1783,145000,360,30,1,studio,APPROVE
LP002776,"1978-06-27","+62852207486",Female,No,0,Graduate,No,5000,0,103000,360,30,0,apartment,REJECT
LP002777,"1988-01-04","+628114832457",Male,Yes,0,Graduate,No,2785,2016,110000,360,30,1,studio,APPROVE
LP002778,"1972-01-05","+628772644453",Male,Yes,2,Graduate,Yes,6633,0,124000,360,30,0,studio,REJECT
LP002784,,,Male,Yes,1,Not Graduate,No,2492,2375,129000,360,30,1,studio,APPROVE
LP002785,"1982-09-18","+628560893289",Male,Yes,1,Graduate,No,3333,3250,158000,360,30,1,house,APPROVE
LP002788,"1980-03-17","+628562561646",Male,Yes,0,Not Graduate,No,2454,2333,181000,360,30,0,house,REJECT
LP002789,"1985-11-09","+628561034904",Male,Yes,0,Graduate,No,3593,4266,132000,180,15,0,studio,REJECT
LP002792,"1987-02-19","+628130639694",Male,Yes,1,Graduate,No,5468,1032,26000,360,30,1,apartment,APPROVE
LP002794,,"+628112220824",Female,No,0,Graduate,No,2667,1625,84000,360,30,,house,APPROVE
LP002795,"1990-12-04","+628118881411",Male,Yes,3+,Graduate,Yes,10139,0,260000,360,30,1,apartment,APPROVE
LP002798,"1986-02-19","+628132282592",Male,Yes,0,Graduate,No,3887,2669,162000,360,30,1,apartment,APPROVE
LP002804,"1990-01-12","+628114220178",Female,Yes,0,Graduate,No,4180,2306,182000,360,30,1,apartment,APPROVE
LP002807,"1994-08-30","+628110860907",Male,Yes,2,Not Graduate,No,3675,242,108000,360,30,1,apartment,APPROVE
LP002813,"1982-08-27","+628575107755",Female,Yes,1,Graduate,Yes,19484,0,600000,360,30,1,apartment,APPROVE
LP002820,"1981-01-28","+628565413865",Male,Yes,0,Graduate,No,5923,2054,211000,360,30,1,studio,APPROVE
LP002821,"1988-01-19","+628771756339",Male,No,0,Not Graduate,Yes,5800,0,132000,360,30,1,apartment,APPROVE
LP002832,"1979-08-02","+628133861280",Male,Yes,2,Graduate,No,8799,0,258000,360,30,0,house,REJECT
LP002833,"1982-06-13","+628115617559",Male,Yes,0,Not Graduate,No,4467,0,120000,360,30,,studio,APPROVE
LP002836,"1990-07-20",,Male,No,0,Graduate,No,3333,0,70000,360,30,1,house,APPROVE
LP002837,"1990-04-20",,Male,Yes,3+,Graduate,No,3400,2500,123000,360,30,0,studio,REJECT
LP002840,"1971-11-03","+628779183086",Female,No,0,Graduate,No,2378,0,9000,360,30,1,house,REJECT
LP002841,"1970-12-01","+628568883854",Male,Yes,0,Graduate,No,3166,2064,104000,360,30,0,house,REJECT
LP002842,"1983-10-31","+62811312068",Male,Yes,1,Graduate,No,3417,1750,186000,360,30,1,house,APPROVE
LP002847,"1977-03-28","+628576302495",Male,Yes,,Graduate,No,5116,1451,165000,360,30,0,house,REJECT
LP002855,"1984-02-16",,Male,Yes,2,Graduate,No,16666,0,275000,360,30,1,house,APPROVE
LP002862,"1983-03-16","+628777412714",Male,Yes,2,Not Graduate,No,6125,1625,187000,480,40,1,apartment,REJECT
LP002863,"1982-11-25","+628138172231",Male,Yes,3+,Graduate,No,6406,0,150000,360,30,1,apartment,REJECT
LP002868,"1984-02-14","+628111576483",Male,Yes,2,Graduate,No,3159,461,108000,84,7,1,house,APPROVE
LP002872,"1980-06-14","+628561347483",,Yes,0,Graduate,No,3087,2210,136000,360,30,0,apartment,REJECT
LP002874,"1985-07-31","+62811672916",Male,No,0,Graduate,No,3229,2739,110000,360,30,1,house,APPROVE
LP002877,"1987-01-19","+62811008895",Male,Yes,1,Graduate,No,1782,2232,107000,360,30,1,studio,APPROVE
LP002888,,"+628571270698",Male,No,0,Graduate,,3182,2917,161000,360,30,1,house,APPROVE
LP002892,"1983-06-24","+628563769771",Male,Yes,2,Graduate,No,6540,0,205000,360,30,1,apartment,APPROVE
LP002893,"1979-05-08","+628110473941",Male,No,0,Graduate,No,1836,33837,90000,360,30,1,house,REJECT
LP002894,,"+628575653928",Female,Yes,0,Graduate,No,3166,0,36000,360,30,1,apartment,APPROVE
LP002898,"1991-08-11","+62813692263",Male,Yes,1,Graduate,No,1880,0,61000,360,30,,studio,REJECT
LP002911,"1999-10-09","+628575063782",Male,Yes,1,Graduate,No,2787,1917,146000,360,30,0,studio,REJECT
LP002912,"1983-09-01","+628576836987",Male,Yes,1,Graduate,No,4283,3000,172000,84,7,1,studio,REJECT
LP002916,"1987-04-15","+628114297097",Male,Yes,0,Graduate,No,2297,1522,104000,360,30,1,house,APPROVE
LP002917,"1992-12-31","+628577119394",Female,No,0,Not Graduate,No,2165,0,70000,360,30,1,apartment,APPROVE
LP002925,,"+628568007281",,No,0,Graduate,No,4750,0,94000,360,30,1,apartment,APPROVE
LP002926,"1979-06-10",,Male,Yes,2,Graduate,Yes,2726,0,106000,360,30,0,apartment,REJECT
LP002928,"1989-10-19","+628578507120",Male,Yes,0,Graduate,No,3000,3416,56000,180,15,1,apartment,APPROVE
LP002931,"1982-07-16","+628132998002",Male,Yes,2,Graduate,Yes,6000,0,205000,240,20,1,apartment,REJECT
LP002933,"1990-08-30","+628560911241",,No,3+,Graduate,Yes,9357,0,292000,360,30,1,apartment,APPROVE
LP002936,"1988-02-24","+628138664806",Male,Yes,0,Graduate,No,3859,3300,142000,180,15,1,studio,APPROVE
LP002938,"1987-10-28","+628116924527",Male,Yes,0,Graduate,Yes,16120,0,260000,360,30,1,house,APPROVE
LP002940,"1983-01-24","+628118630087",Male,No,0,Not Graduate,No,3833,0,110000,360,30,1,studio,APPROVE
LP002941,"1989-07-05","+62852076238",Male,Yes,2,Not Graduate,Yes,6383,1000,187000,360,30,1,studio,REJECT
LP002943,"1975-04-29","+628118567271",Male,No,,Graduate,No,2987,0,88000,360,30,0,apartment,REJECT
LP002944,"1985-02-23","+628566132498",Male,Yes,,,,4000,0,180000,360,30,,,REJECT
LP002945,"1992-04-25","+628571185361",Male,Yes,0,Graduate,Yes,9963,0,180000,360,30,1,studio,APPROVE
LP002948,"1983-10-14","+628116016183",Male,Yes,2,Graduate,No,5780,0,192000,360,30,1,house,APPROVE
LP002949,,"+628563222400",Female,No,3+,Graduate,,416,41667,350000,180,15,,house,REJECT
LP002950,"1980-11-18","+628119389054",Male,Yes,0,Not Graduate,,2894,2792,155000,360,30,1,studio,APPROVE
LP002951,"1991-08-24","+628119556192",Male,Yes,1,Graduate,No,170578,0,192000,360,30,1,house,APPROVE
LP002953,,"+62811886598",Male,Yes,3+,Graduate,No,5703,0,128000,360,30,1,house,APPROVE
LP002958,"1981-07-09","+62856383344",Male,No,0,Graduate,No,,4301,172000,360,30,1,studio,APPROVE
LP002959,"1984-03-15","+628574020315",Female,Yes,1,Graduate,No,12000,0,496000,360,30,1,apartment,APPROVE
LP002960,"1989-10-08","+628575165617",Male,Yes,0,Not Graduate,No,2400,3800,110000,180,15,1,house,REJECT
LP002961,"1983-02-14","+62856591531",Male,Yes,1,Graduate,No,3400,2500,173000,360,30,1,apartment,APPROVE
LP002964,"1984-02-27","+628119143108",Male,Yes,2,Not Graduate,No,3987,1411,157000,360,30,1,studio,APPROVE
LP002974,"1988-03-24","+628573921780",Male,Yes,0,Graduate,No,3232,1950,108000,360,30,1,studio,APPROVE
LP002978,"1976-03-25","+628564969545",Female,No,0,Graduate,No,2900,0,71000,360,30,1,studio,APPROVE
LP002979,"1987-01-26","+628116531578",Male,Yes,3+,Graduate,No,4106,0,40000,180,15,1,studio,APPROVE
LP002983,"1982-03-08","+628115828430",Male,Yes,1,Graduate,No,8072,240,253000,360,30,1,house,APPROVE
LP002984,"1986-12-05","+628119590176",Male,Yes,2,Graduate,No,7583,0,187000,360,30,1,house,APPROVE
LP002990,,"+628139590177",Female,No,0,Graduate,Yes,4583,0,133000,360,30,0,apartment,REJECT
